{
  "model_name": "simple_fc",
  "timestamp": "2026-03-05T11:28:23.260650",
  "config": {
    "device": "cpu",
    "epochs": 5,
    "batch_size": 64,
    "learning_rate": 0.001,
    "optimizer": "Adam"
  },
  "model_params": 109386,
  "system_info": {
    "python_version": "3.10.13",
    "pytorch_version": "2.10.0+cpu",
    "os": "Windows 10",
    "platform": "Windows-10-10.0.26200-SP0",
    "cpu": "Intel64 Family 6 Model 142 Stepping 10, GenuineIntel",
    "cpu_cores": 8,
    "ram_gb": 15.84,
    "gpu": "None (CPU only)",
    "cuda_available": false
  },
  "performance": {
    "total_training_time_sec": 162.21,
    "avg_epoch_time_sec": 32.44,
    "training_throughput_images_per_sec": 1849.5,
    "eval_throughput_images_per_sec": 2453.6,
    "avg_inference_time_ms": 0.4076,
    "model_size_bytes": 440621,
    "model_size_mb": 0.42
  },
  "final_metrics": {
    "accuracy": 0.9755,
    "precision_macro": 0.975582782117692,
    "recall_macro": 0.9752433247450802,
    "f1_macro": 0.9753465498393613,
    "mcc": 0.9727823468361879,
    "cohen_kappa": 0.9727666780809485,
    "balanced_accuracy": 0.9752433247450802,
    "log_loss": 0.08753210468508599,
    "auc_roc_macro": 0.9994883430582071,
    "auc_pr_macro": 0.9964315283612437
  },
  "per_class_metrics": {
    "0": {
      "accuracy": 0.9969,
      "precision": 0.9837,
      "recall": 0.9847,
      "specificity": 0.9982,
      "f1": 0.9842,
      "tp": 965,
      "fp": 16,
      "fn": 15,
      "tn": 9004,
      "support": 980
    },
    "1": {
      "accuracy": 0.998,
      "precision": 0.9929,
      "recall": 0.9894,
      "specificity": 0.9991,
      "f1": 0.9912,
      "tp": 1123,
      "fp": 8,
      "fn": 12,
      "tn": 8857,
      "support": 1135
    },
    "2": {
      "accuracy": 0.9943,
      "precision": 0.9784,
      "recall": 0.9661,
      "specificity": 0.9975,
      "f1": 0.9722,
      "tp": 997,
      "fp": 22,
      "fn": 35,
      "tn": 8946,
      "support": 1032
    },
    "3": {
      "accuracy": 0.9951,
      "precision": 0.9753,
      "recall": 0.9762,
      "specificity": 0.9972,
      "f1": 0.9758,
      "tp": 986,
      "fp": 25,
      "fn": 24,
      "tn": 8965,
      "support": 1010
    },
    "4": {
      "accuracy": 0.9953,
      "precision": 0.9815,
      "recall": 0.9705,
      "specificity": 0.998,
      "f1": 0.9759,
      "tp": 953,
      "fp": 18,
      "fn": 29,
      "tn": 9000,
      "support": 982
    },
    "5": {
      "accuracy": 0.9954,
      "precision": 0.9774,
      "recall": 0.9709,
      "specificity": 0.9978,
      "f1": 0.9741,
      "tp": 866,
      "fp": 20,
      "fn": 26,
      "tn": 9088,
      "support": 892
    },
    "6": {
      "accuracy": 0.9957,
      "precision": 0.9761,
      "recall": 0.9791,
      "specificity": 0.9975,
      "f1": 0.9776,
      "tp": 938,
      "fp": 23,
      "fn": 20,
      "tn": 9019,
      "support": 958
    },
    "7": {
      "accuracy": 0.9927,
      "precision": 0.945,
      "recall": 0.9864,
      "specificity": 0.9934,
      "f1": 0.9653,
      "tp": 1014,
      "fp": 59,
      "fn": 14,
      "tn": 8913,
      "support": 1028
    },
    "8": {
      "accuracy": 0.994,
      "precision": 0.98,
      "recall": 0.9579,
      "specificity": 0.9979,
      "f1": 0.9688,
      "tp": 933,
      "fp": 19,
      "fn": 41,
      "tn": 9007,
      "support": 974
    },
    "9": {
      "accuracy": 0.9936,
      "precision": 0.9655,
      "recall": 0.9713,
      "specificity": 0.9961,
      "f1": 0.9684,
      "tp": 980,
      "fp": 35,
      "fn": 29,
      "tn": 8956,
      "support": 1009
    }
  },
  "confusion_pairs": [
    {
      "true": 4,
      "predicted": 9,
      "count": 17
    },
    {
      "true": 2,
      "predicted": 7,
      "count": 16
    },
    {
      "true": 9,
      "predicted": 7,
      "count": 12
    },
    {
      "true": 3,
      "predicted": 7,
      "count": 11
    },
    {
      "true": 5,
      "predicted": 6,
      "count": 9
    }
  ],
  "top_2_accuracy": 0.9939,
  "epoch_log": [
    {
      "epoch": 1,
      "train_loss": 0.263,
      "train_acc": 0.923,
      "test_loss": 0.1341,
      "test_acc": 0.9568,
      "epoch_time_sec": 30.39
    },
    {
      "epoch": 2,
      "train_loss": 0.1065,
      "train_acc": 0.9675,
      "test_loss": 0.104,
      "test_acc": 0.967,
      "epoch_time_sec": 33.15
    },
    {
      "epoch": 3,
      "train_loss": 0.0787,
      "train_acc": 0.9751,
      "test_loss": 0.0982,
      "test_acc": 0.9708,
      "epoch_time_sec": 33.03
    },
    {
      "epoch": 4,
      "train_loss": 0.0602,
      "train_acc": 0.9805,
      "test_loss": 0.0981,
      "test_acc": 0.9711,
      "epoch_time_sec": 33.34
    },
    {
      "epoch": 5,
      "train_loss": 0.0488,
      "train_acc": 0.9838,
      "test_loss": 0.0875,
      "test_acc": 0.9755,
      "epoch_time_sec": 32.31
    }
  ],
  "dataset": {
    "train_samples": 60000,
    "test_samples": 10000
  }
}