{
  "model_name": "simple_fc",
  "timestamp": "2026-03-05T12:11:47.037281",
  "config": {
    "device": "cpu",
    "epochs": 5,
    "batch_size": 64,
    "learning_rate": 0.001,
    "optimizer": "Adam"
  },
  "model_params": 109386,
  "system_info": {
    "python_version": "3.10.13",
    "pytorch_version": "2.10.0+cpu",
    "os": "Windows 10",
    "platform": "Windows-10-10.0.26200-SP0",
    "cpu": "Intel64 Family 6 Model 142 Stepping 10, GenuineIntel",
    "cpu_cores": 8,
    "ram_gb": 15.84,
    "gpu": "None (CPU only)",
    "cuda_available": false
  },
  "performance": {
    "total_training_time_sec": 159.5,
    "avg_epoch_time_sec": 31.9,
    "training_throughput_images_per_sec": 1880.9,
    "eval_throughput_images_per_sec": 3061.9,
    "avg_inference_time_ms": 0.3266,
    "model_size_bytes": 440621,
    "model_size_mb": 0.42
  },
  "final_metrics": {
    "accuracy": 0.9764,
    "precision_macro": 0.9764504983611376,
    "recall_macro": 0.9761995233303603,
    "f1_macro": 0.976234539417242,
    "mcc": 0.9737869969618171,
    "cohen_kappa": 0.9737676217668094,
    "balanced_accuracy": 0.9761995233303603,
    "log_loss": 0.07967638271252188,
    "auc_roc_macro": 0.9995868879733717,
    "auc_pr_macro": 0.9969588500169507
  },
  "per_class_metrics": {
    "0": {
      "accuracy": 0.9971,
      "precision": 0.9877,
      "recall": 0.9827,
      "specificity": 0.9987,
      "f1": 0.9852,
      "tp": 963,
      "fp": 12,
      "fn": 17,
      "tn": 9008,
      "support": 980
    },
    "1": {
      "accuracy": 0.9978,
      "precision": 0.9964,
      "recall": 0.9841,
      "specificity": 0.9995,
      "f1": 0.9902,
      "tp": 1117,
      "fp": 4,
      "fn": 18,
      "tn": 8861,
      "support": 1135
    },
    "2": {
      "accuracy": 0.9946,
      "precision": 0.9775,
      "recall": 0.97,
      "specificity": 0.9974,
      "f1": 0.9737,
      "tp": 1001,
      "fp": 23,
      "fn": 31,
      "tn": 8945,
      "support": 1032
    },
    "3": {
      "accuracy": 0.9951,
      "precision": 0.9819,
      "recall": 0.9693,
      "specificity": 0.998,
      "f1": 0.9756,
      "tp": 979,
      "fp": 18,
      "fn": 31,
      "tn": 8972,
      "support": 1010
    },
    "4": {
      "accuracy": 0.9956,
      "precision": 0.9865,
      "recall": 0.9684,
      "specificity": 0.9986,
      "f1": 0.9774,
      "tp": 951,
      "fp": 13,
      "fn": 31,
      "tn": 9005,
      "support": 982
    },
    "5": {
      "accuracy": 0.9954,
      "precision": 0.9873,
      "recall": 0.9608,
      "specificity": 0.9988,
      "f1": 0.9739,
      "tp": 857,
      "fp": 11,
      "fn": 35,
      "tn": 9097,
      "support": 892
    },
    "6": {
      "accuracy": 0.9949,
      "precision": 0.9585,
      "recall": 0.9896,
      "specificity": 0.9955,
      "f1": 0.9738,
      "tp": 948,
      "fp": 41,
      "fn": 10,
      "tn": 9001,
      "support": 958
    },
    "7": {
      "accuracy": 0.9942,
      "precision": 0.9584,
      "recall": 0.9864,
      "specificity": 0.9951,
      "f1": 0.9722,
      "tp": 1014,
      "fp": 44,
      "fn": 14,
      "tn": 8928,
      "support": 1028
    },
    "8": {
      "accuracy": 0.9945,
      "precision": 0.9627,
      "recall": 0.9815,
      "specificity": 0.9959,
      "f1": 0.972,
      "tp": 956,
      "fp": 37,
      "fn": 18,
      "tn": 8989,
      "support": 974
    },
    "9": {
      "accuracy": 0.9936,
      "precision": 0.9674,
      "recall": 0.9693,
      "specificity": 0.9963,
      "f1": 0.9683,
      "tp": 978,
      "fp": 33,
      "fn": 31,
      "tn": 8958,
      "support": 1009
    }
  },
  "confusion_pairs": [
    {
      "true": 4,
      "predicted": 9,
      "count": 16
    },
    {
      "true": 2,
      "predicted": 7,
      "count": 13
    },
    {
      "true": 5,
      "predicted": 3,
      "count": 12
    },
    {
      "true": 3,
      "predicted": 7,
      "count": 10
    },
    {
      "true": 9,
      "predicted": 7,
      "count": 10
    }
  ],
  "top_2_accuracy": 0.9943,
  "epoch_log": [
    {
      "epoch": 1,
      "train_loss": 0.2685,
      "train_acc": 0.9215,
      "test_loss": 0.1316,
      "test_acc": 0.9584,
      "epoch_time_sec": 30.71
    },
    {
      "epoch": 2,
      "train_loss": 0.1155,
      "train_acc": 0.9645,
      "test_loss": 0.096,
      "test_acc": 0.9701,
      "epoch_time_sec": 31.9
    },
    {
      "epoch": 3,
      "train_loss": 0.0807,
      "train_acc": 0.9751,
      "test_loss": 0.096,
      "test_acc": 0.9692,
      "epoch_time_sec": 31.92
    },
    {
      "epoch": 4,
      "train_loss": 0.0635,
      "train_acc": 0.9798,
      "test_loss": 0.0766,
      "test_acc": 0.9769,
      "epoch_time_sec": 32.08
    },
    {
      "epoch": 5,
      "train_loss": 0.0511,
      "train_acc": 0.9836,
      "test_loss": 0.0797,
      "test_acc": 0.9764,
      "epoch_time_sec": 32.88
    }
  ],
  "dataset": {
    "train_samples": 60000,
    "test_samples": 10000
  }
}