{
  "model_name": "simple_fc",
  "timestamp": "2026-03-05T11:49:58.806935",
  "config": {
    "device": "cpu",
    "epochs": 5,
    "batch_size": 64,
    "learning_rate": 0.001,
    "optimizer": "Adam"
  },
  "model_params": 109386,
  "system_info": {
    "python_version": "3.10.13",
    "pytorch_version": "2.10.0+cpu",
    "os": "Windows 10",
    "platform": "Windows-10-10.0.26200-SP0",
    "cpu": "Intel64 Family 6 Model 142 Stepping 10, GenuineIntel",
    "cpu_cores": 8,
    "ram_gb": 15.84,
    "gpu": "None (CPU only)",
    "cuda_available": false
  },
  "performance": {
    "total_training_time_sec": 183.64,
    "avg_epoch_time_sec": 36.73,
    "training_throughput_images_per_sec": 1633.6,
    "eval_throughput_images_per_sec": 2918.8,
    "avg_inference_time_ms": 0.3426,
    "model_size_bytes": 440621,
    "model_size_mb": 0.42
  },
  "final_metrics": {
    "accuracy": 0.9732,
    "precision_macro": 0.9734297108438176,
    "recall_macro": 0.97298312183745,
    "f1_macro": 0.9730001106126597,
    "mcc": 0.9702583171598034,
    "cohen_kappa": 0.9702108417708067,
    "balanced_accuracy": 0.97298312183745,
    "log_loss": 0.09022881342492169,
    "auc_roc_macro": 0.9994951060292403,
    "auc_pr_macro": 0.9963434219762182
  },
  "per_class_metrics": {
    "0": {
      "accuracy": 0.9977,
      "precision": 0.9908,
      "recall": 0.9857,
      "specificity": 0.999,
      "f1": 0.9882,
      "tp": 966,
      "fp": 9,
      "fn": 14,
      "tn": 9011,
      "support": 980
    },
    "1": {
      "accuracy": 0.9979,
      "precision": 0.9929,
      "recall": 0.9885,
      "specificity": 0.9991,
      "f1": 0.9907,
      "tp": 1122,
      "fp": 8,
      "fn": 13,
      "tn": 8857,
      "support": 1135
    },
    "2": {
      "accuracy": 0.9959,
      "precision": 0.9751,
      "recall": 0.9855,
      "specificity": 0.9971,
      "f1": 0.9802,
      "tp": 1017,
      "fp": 26,
      "fn": 15,
      "tn": 8942,
      "support": 1032
    },
    "3": {
      "accuracy": 0.9947,
      "precision": 0.9799,
      "recall": 0.9673,
      "specificity": 0.9978,
      "f1": 0.9736,
      "tp": 977,
      "fp": 20,
      "fn": 33,
      "tn": 8970,
      "support": 1010
    },
    "4": {
      "accuracy": 0.9919,
      "precision": 0.9787,
      "recall": 0.9379,
      "specificity": 0.9978,
      "f1": 0.9579,
      "tp": 921,
      "fp": 20,
      "fn": 61,
      "tn": 8998,
      "support": 982
    },
    "5": {
      "accuracy": 0.9947,
      "precision": 0.9595,
      "recall": 0.9821,
      "specificity": 0.9959,
      "f1": 0.9706,
      "tp": 876,
      "fp": 37,
      "fn": 16,
      "tn": 9071,
      "support": 892
    },
    "6": {
      "accuracy": 0.9952,
      "precision": 0.9872,
      "recall": 0.9624,
      "specificity": 0.9987,
      "f1": 0.9746,
      "tp": 922,
      "fp": 12,
      "fn": 36,
      "tn": 9030,
      "support": 958
    },
    "7": {
      "accuracy": 0.9941,
      "precision": 0.9792,
      "recall": 0.963,
      "specificity": 0.9977,
      "f1": 0.9711,
      "tp": 990,
      "fp": 21,
      "fn": 38,
      "tn": 8951,
      "support": 1028
    },
    "8": {
      "accuracy": 0.9945,
      "precision": 0.9723,
      "recall": 0.9713,
      "specificity": 0.997,
      "f1": 0.9718,
      "tp": 946,
      "fp": 27,
      "fn": 28,
      "tn": 8999,
      "support": 974
    },
    "9": {
      "accuracy": 0.9898,
      "precision": 0.9187,
      "recall": 0.9861,
      "specificity": 0.9902,
      "f1": 0.9512,
      "tp": 995,
      "fp": 88,
      "fn": 14,
      "tn": 8903,
      "support": 1009
    }
  },
  "confusion_pairs": [
    {
      "true": 4,
      "predicted": 9,
      "count": 46
    },
    {
      "true": 7,
      "predicted": 9,
      "count": 18
    },
    {
      "true": 3,
      "predicted": 5,
      "count": 14
    },
    {
      "true": 7,
      "predicted": 2,
      "count": 14
    },
    {
      "true": 6,
      "predicted": 4,
      "count": 13
    }
  ],
  "top_2_accuracy": 0.9933,
  "epoch_log": [
    {
      "epoch": 1,
      "train_loss": 0.2782,
      "train_acc": 0.9178,
      "test_loss": 0.1445,
      "test_acc": 0.954,
      "epoch_time_sec": 34.78
    },
    {
      "epoch": 2,
      "train_loss": 0.1161,
      "train_acc": 0.9643,
      "test_loss": 0.0999,
      "test_acc": 0.9686,
      "epoch_time_sec": 40.56
    },
    {
      "epoch": 3,
      "train_loss": 0.0813,
      "train_acc": 0.9755,
      "test_loss": 0.0842,
      "test_acc": 0.9747,
      "epoch_time_sec": 37.01
    },
    {
      "epoch": 4,
      "train_loss": 0.0602,
      "train_acc": 0.981,
      "test_loss": 0.0825,
      "test_acc": 0.9743,
      "epoch_time_sec": 34.84
    },
    {
      "epoch": 5,
      "train_loss": 0.0483,
      "train_acc": 0.9847,
      "test_loss": 0.0902,
      "test_acc": 0.9732,
      "epoch_time_sec": 36.44
    }
  ],
  "dataset": {
    "train_samples": 60000,
    "test_samples": 10000
  }
}